facility_id,fac_ccmunumber,facility_type,fac_capacity,facility_name,offline,online
385008,385008,NF,96.0,Presbyterian Community Care Center,15.0,8.0
385010,385010,NF,159.0,Laurelhurst Village Rehabilitation Center,29.0,15.0
385015,385015,NF,128.0,Regency Gresham Nursing & Rehabilitation Center,28.0,8.0
385018,385018,NF,98.0,Providence Benedictine Nursing Center,18.0,5.0
385024,385024,NF,91.0,Avamere Health Services of Rogue Valley,69.0,27.0
385031,385031,NF,127.0,Avamere Crestview of Portland,27.0,18.0
385039,385039,NF,84.0,Baycrest Health Center,62.0,28.0
385044,385044,NF,83.0,Prestige Care and Rehabilitation of Menlo Park,30.0,27.0
385045,385045,NF,99.0,Porthaven Healthcare Center,18.0,8.0
385046,385046,NF,83.0,Hillside Heights Rehabilitation Center,31.0,18.0
385049,385049,NF,90.0,Columbia Basin Care Facility,29.0,14.0
385053,385053,NF,92.0,Avamere Rehabilitation of Eugene,59.0,31.0
385055,385055,NF,64.0,Prestige Care and Rehabilitation of Reedwood,21.0,5.0
385064,385064,NF,102.0,Regency Care of Rogue Valley,15.0,9.0
385068,385068,NF,106.0,Village Health Care,9.0,7.0
385072,385072,NF,135.0,Corvallis Manor Nursing & Rehabilitation Center,10.0,10.0
385077,385077,NF,136.0,Marquis Springfield,30.0,7.0
385091,385091,NF,87.0,Hearthstone Nursing and Rehabilitation Center,30.0,12.0
385104,385104,NF,100.0,Hood River Care Center,63.0,38.0
385107,385107,NF,67.0,Timberview Care Center,19.0,13.0
385112,385112,NF,180.0,West Hills Health & Rehabilitation Center,19.0,13.0
385115,385115,NF,47.0,Lakeview Gardens LLC,6.0,7.0
385117,385117,NF,80.0,French Prairie Nursing and Rehabilitation Center,12.0,5.0
385120,385120,NF,121.0,Valley West Health Care Center,56.0,20.0
385121,385121,NF,100.0,Friendship Health Center,37.0,16.0
385125,385125,NF,95.0,Avamere Rehabilitation of Oregon City,29.0,23.0
385126,385126,NF,117.0,Avamere at Three Fountains,78.0,35.0
385132,385132,NF,148.0,Avamere Rehabilitation of King City,38.0,15.0
385133,385133,NF,82.0,Good Samaritan Society - Fairlawn Village,12.0,4.0
385136,385136,NF,100.0,Glisan Care Center,25.0,23.0
385137,385137,NF,95.0,Marquis Plum Ridge,37.0,12.0
385138,385138,NF,74.0,Pilot Butte Rehabilitation Center,6.0,2.0
385141,385141,NF,120.0,Marquis Mt Tabor,23.0,4.0
385142,385142,NF,72.0,Regency Florence,20.0,14.0
385143,385143,NF,118.0,Umpqua Valley Nursing & Rehabilitation Center,58.0,17.0
385144,385144,NF,71.0,Clatsop Care Center,18.0,6.0
385145,385145,NF,88.0,Robison Jewish Health Center,16.0,6.0
385147,385147,NF,87.0,Good Samaritan Society - Eugene Village,17.0,6.0
385148,385148,NF,145.0,Royale Gardens Health & Rehabilitation Center,18.0,6.0
385149,385149,NF,119.0,Highland House Nursing & Rehabilitation Center,25.0,8.0
385150,385150,NF,92.0,Molalla Manor Care Center,18.0,4.0
385151,385151,NF,121.0,Rose Haven Nursing Center,51.0,29.0
385152,385152,NF,80.0,Coast Fork Nursing Center,27.0,14.0
385155,385155,NF,114.0,Forest Grove Rehabilitation and Care Center,28.0,19.0
385156,385156,NF,110.0,Green Valley Rehabilitation Health Center,70.0,33.0
385157,385157,NF,114.0,Life Care Center Of Coos Bay,78.0,21.0
385161,385161,NF,129.0,Milton Freewater Health and Rehabilitation Center,27.0,16.0
385162,385162,NF,52.0,Avamere Rehabilitation of Newport,21.0,11.0
385164,385164,NF,29.0,Aidan Senior Living at Reedsport,17.0,7.0
385165,385165,NF,59.0,Good Samaritan Society - Curry Village,7.0,10.0
385166,385166,NF,165.0,Maryville Nursing Home,53.0,12.0
385167,385167,NF,110.0,South Hills Rehabilitation Center,24.0,7.0
385168,385168,NF,84.0,Avamere Rehabilitation of Lebanon,20.0,12.0
385171,385171,NF,110.0,Life Care Center Of McMinnville,22.0,7.0
385172,385172,NF,83.0,The Dalles Health and Rehabilitation Center,16.0,5.0
385180,385180,NF,54.0,Marquis Newberg,14.0,5.0
385181,385181,NF,20.0,"East Cascade Retirement Community, LLC",10.0,
385182,385182,NF,76.0,Creswell Health and Rehabilitation Center,11.0,7.0
385183,385183,NF,80.0,Marquis Centennial Post Acute Rehab,11.0,2.0
385185,385185,NF,119.0,Avamere Riverpark of Eugene,61.0,41.0
385187,385187,NF,105.0,Cascade Terrace Nursing Center,6.0,6.0
385188,385188,NF,80.0,Independence Health and Rehabilitation Center,21.0,10.0
385189,385189,NF,88.0,Avamere Transitional Care at Sunnyside,38.0,19.0
385190,385190,NF,78.0,Prestige Post-Acute and Rehabilitation Center-Gresham,50.0,15.0
385195,385195,NF,104.0,Avamere Rehabilitation of Beaverton,29.0,10.0
385197,385197,NF,87.0,Linda Vista Nursing & Rehab Center,38.0,15.0
385199,385199,NF,84.0,Chehalem Health & Rehab Center,22.0,13.0
385200,385200,NF,6.0,Willamette View Health Center,,1.0
385201,385201,NF,59.0,Willowbrook Terrace,25.0,26.0
385203,385203,NF,87.0,Avamere Rehabilitation of Clackamas,23.0,14.0
385204,385204,NF,63.0,Marquis Forest Grove Post Acute Rehab,16.0,7.0
385206,385206,NF,95.0,Mennonite Home,4.0,6.0
385207,385207,NF,121.0,Dallas Retirement Village Health Center,34.0,29.0
385208,385208,NF,70.0,Marquis Piedmont Post Acute Rehab,16.0,7.0
385211,385211,NF,76.0,LaGrande Post Acute Rehab,17.0,17.0
385214,385214,NF,54.0,Marquis Mill Park,10.0,7.0
385217,385217,NF,78.0,EmpRes Hillsboro Health and Rehabilitation Center,18.0,10.0
385218,385218,NF,73.0,Marquis Vermont Hills,6.0,3.0
385219,385219,NF,93.0,Care Center East Health & Specialty Care Center,63.0,16.0
385220,385220,NF,74.0,Regency Albany,24.0,14.0
385221,385221,NF,102.0,Marquis Oregon City Post Acute Rehab,20.0,4.0
385222,385222,NF,92.0,Meadow Park Health & Specialty Care Center,79.0,33.0
385224,385224,NF,100.0,Windsor Health and Rehabilitation Center,41.0,19.0
385225,385225,NF,96.0,Prestige Post-Acute and Rehabilitation Center - McMinnville,35.0,20.0
385228,385228,NF,105.0,Portland Health and Rehabilitation Center,30.0,6.0
385229,385229,NF,53.0,Avamere Rehabilitation of Junction City,13.0,4.0
385230,385230,NF,50.0,Regency Redmond Rehabilitation and Nursing Center,17.0,5.0
385232,385232,NF,44.0,Laurel Hill Nursing Center,14.0,2.0
385233,385233,NF,69.0,Avamere Court at Keizer,10.0,3.0
385234,385234,NF,80.0,Salem Transitional Care,25.0,11.0
385236,385236,NF,51.0,Town Center Village Rehab,12.0,3.0
385237,385237,NF,63.0,Fernhill Estates,7.0,
385239,385239,NF,92.0,Avamere Rehabilitation of Coos Bay,36.0,25.0
385240,385240,NF,214.0,Marian Estates,22.0,11.0
385241,385241,NF,49.0,Sherwood Park Nursing & Rehab Center,25.0,10.0
385242,385242,NF,41.0,Avamere Twin Oaks of Sweet Home,11.0,4.0
385244,385244,NF,50.0,Nehalem Valley Care Center,14.0,15.0
385245,385245,NF,53.0,Oregon City Health Care Center,12.0,9.0
385250,385250,NF,68.0,Rogue Valley Manor Health Center,8.0,1.0
385251,385251,NF,87.0,Avamere Rehabilitation of Hillsboro,26.0,12.0
385253,385253,NF,49.0,Bend Transitional Care,15.0,7.0
385254,385254,NF,35.0,Myrtle Point Care Center,12.0,6.0
385257,385257,NF,151.0,Oregon Veterans' Home,37.0,23.0
385258,385258,NF,55.0,Park Forest Care Center,15.0,11.0
385259,385259,NF,51.0,Holladay Park Plaza,8.0,7.0
385260,385260,NF,50.0,Marquis Hope Village,18.0,6.0
385261,385261,NF,44.0,Regency Prineville Rehabilitation and Nursing Center,20.0,9.0
385262,385262,NF,52.0,Marquis Silver Garden,5.0,4.0
385263,385263,NF,105.0,Regency Hermiston Nursing & Rehabilitation Center,49.0,34.0
385264,385264,NF,53.0,"Trinity Mission Health & Rehab of Portland, LLC",18.0,14.0
385265,385265,NF,5.0,Mary's Woods at Marylhurst,11.0,5.0
385266,385266,NF,50.0,Marquis Wilsonville Post Acute Rehab,8.0,7.0
385268,385268,NF,59.0,Gateway Care & Retirement Center,26.0,6.0
385270,385270,NF,96.0,Prestige Post-Acute and Rehabilitation Center - Milwaukie,50.0,19.0
385271,385271,NF,45.0,"Pearl at Kruse Way, The",19.0,8.0
385272,385272,NF,112.0,Pacific Health and Rehabilitation,39.0,18.0
385273,385273,NF,33.0,Pioneer Nursing Home,2.0,1.0
385275,385275,NF,51.0,Sheridan Care Center,32.0,
38A001,38A001,NF,58.0,Providence Child Center,10.0,2.0
38A026,38A026,NF,39.0,Marquis Autumn Hills Memory Care,7.0,2.0
38E018,38E018,NF,71.0,Rose Linn Care Center,34.0,19.0
38E024,38E024,NF,40.0,Columbia Care Center,19.0,10.0
38E032,38E032,NF,46.0,Regency Care of Central Oregon,11.0,2.0
38E040,38E040,NF,40.0,Blue Mountain Care Center,6.0,2.0
38E075,38E075,NF,76.0,Tierra Rose Care Center,15.0,3.0
38E126,38E126,NF,114.0,Healthcare at Foster Creek,30.0,47.0
38E157,38E157,NF,30.0,Rose City Nursing Home,19.0,5.0
38E173,38E173,NF,40.0,Cornerstone Care Option,3.0,3.0
38E174,38E174,NF,60.0,Village Manor,20.0,12.0
38E188,38E188,NF,80.0,Gracelen Terrace Long Term Care Facility,6.0,7.0
38E196,38E196,NF,41.0,Lawrence Convalescent Center,3.0,
38L300,38L300,NF,54.0,Marquis Tualatin Post Acute Rehab,,
38L400,38L400,NF,44.0,Mirabella Portland,5.0,1.0
38L501,38L501,NF,20.0,Village at Hillside,2.0,1.0
38L503,38L503,NF,154.0,Lebanon Veterans Home,4.0,
38L544,38L544,NF,45.0,Rose Villa Senior Living,15.0,4.0
38L756,38L756,NF,32.0,Cascade Manor,4.0,7.0
50A028,50A028,RCF,70.0,Farmington Square - Beaverton,10.0,4.0
50A235,50A235,RCF,20.0,Avamere at Waterford,,1.0
50A236,50A236,RCF,60.0,Brookdale Troutdale,25.0,25.0
50A239,50A239,RCF,48.0,"Regent Court, a Blue Harbor Senior Living Community",30.0,24.0
50A244,50A244,RCF,22.0,Marquis Autumn Hills Residential Memory Care,1.0,4.0
50A253,50A253,RCF,58.0,Bridgecreek Memory Care Community,22.0,21.0
50A262,50A262,RCF,24.0,Providence Brookside Memory Care,7.0,1.0
50A263,50A263,RCF,59.0,Brookdale Bend,41.0,13.0
50M006,50M006,RCF,10.0,"Autumn Garden Home RCF, Inc.",1.0,
50M012,50M012,RCF,32.0,Cascade Park Retirement Center,,2.0
50M019,50M019,RCF,59.0,Emerald Gardens,4.0,8.0
50M021,50M021,RCF,16.0,Comfort Care,,
50M025,50M025,RCF,15.0,Elderly Care Home,,
50M026,50M026,RCF,34.0,Ellendale Residential Care Center,40.0,31.0
50M037,50M037,RCF,85.0,Firwood Gardens RCF,3.0,3.0
50M044,50M044,RCF,50.0,Golden Acres Retirement Center,3.0,1.0
50M048,50M048,RCF,13.0,Donham Place,,1.0
50M049,50M049,RCF,62.0,Harmony Guest Home,1.0,
50M054,50M054,RCF,120.0,Brookdale River Valley - Tualatin,17.0,10.0
50M055,50M055,RCF,88.0,Brookdale Mt. Hood,22.0,16.0
50M056,50M056,RCF,95.0,Brookdale Medford,12.0,7.0
50M065,50M065,RCF,50.0,Jefferson Lodge Memory Care Community,10.0,17.0
50M081,50M081,RCF,23.0,Milwaukie Care Center,4.0,2.0
50M086,50M086,RCF,46.0,Mt. Scott Residential Care Home,12.0,5.0
50M088,50M088,RCF,20.0,Myrtle Point Care Center RCF,1.0,
50M092,50M092,RCF,32.0,O'Hara's Manor,2.0,3.0
50M094,50M094,RCF,50.0,Oregon City Residential Care,16.0,8.0
50M096,50M096,RCF,14.0,Our House Of Portland,5.0,1.0
50M098,50M098,RCF,14.0,Aaren Brooke Place,10.0,4.0
50M109,50M109,RCF,30.0,Tabor Crest Residential Care,,
50M110,50M110,RCF,80.0,"Taft Home, The",5.0,4.0
50M124,50M124,RCF,30.0,Harmony Estates Residential Care Center,16.0,6.0
50M132,50M132,RCF,60.0,River Grove Memory Care,49.0,33.0
50M133,50M133,RCF,74.0,Oak Lane Retirement,1.0,
50M138,50M138,RCF,36.0,Baycrest Assisted Care,11.0,1.0
50M142,50M142,RCF,82.0,Brookdale Ontario,15.0,6.0
50M144,50M144,RCF,50.0,Elizabethan Manor,1.0,4.0
50M154,50M154,RCF,15.0,Forest Meadows RCF,10.0,9.0
50M157,50M157,RCF,29.0,Terwilliger Plaza - Metcalf Unit,4.0,1.0
50M172,50M172,RCF,28.0,Chateau Gardens Memory Care Community,8.0,15.0
50M174,50M174,RCF,85.0,"Woods at Willowcreek, The",6.0,11.0
50M201,50M201,RCF,19.0,Haven House Retirement Center,3.0,5.0
50M204,50M204,RCF,9.0,Ashley Manor - Lund Lane,2.0,2.0
50M208,50M208,RCF,37.0,Chetco Inn Residential Care Facility,4.0,4.0
50M209,50M209,RCF,36.0,Forest Glen Senior Residence,30.0,24.0
50M211,50M211,RCF,28.0,Hill House,,
50M218,50M218,RCF,42.0,Meadows Courtyard,3.0,1.0
50M220,50M220,RCF,15.0,Ashley Manor - Shasta,14.0,12.0
50M225,50M225,RCF,16.0,Blue Haven RCF - Independence,7.0,6.0
50M227,50M227,RCF,16.0,Blue Haven RCF - Dallas,4.0,5.0
50M228,50M228,RCF,32.0,Brookdale Wilsonville,11.0,6.0
50M247,50M247,RCF,11.0,Pleasant Valley RCF,2.0,3.0
50M264,50M264,RCF,16.0,Sherwood Pines Residential Care,2.0,4.0
50M265,50M265,RCF,15.0,Ashley Manor - Rimrock,6.0,7.0
50M267,50M267,RCF,15.0,Ashley Manor - Pacific Heights,25.0,7.0
50M268,50M268,RCF,32.0,Four Seasons RCF - Fairgrounds,15.0,12.0
50M300,50M300,RCF,44.0,Quail Park Memory Care Residences of Klamath Falls,9.0,
50M422,50M422,RCF,16.0,Juniper House Memory Care,,
50M423,50M423,RCF,45.0,Marjorie House Memory Care Community,,
50M424,50M424,RCF,30.0,Kinsington at Redwood Park,,
50M425,50M425,RCF,28.0,Maple Valley Dementia Care,,
50M426,50M426,RCF,35.0,Countryside Living of Redmond,,
50M427,50M427,RCF,23.0,"Village at Keizer Ridge Memory Care, The",,
50R009,50R009,RCF,74.0,Pacifica Senior Living Calaroga Terrace,4.0,6.0
50R014,50R014,RCF,49.0,Cherry Blossom Cottage,1.0,
50R023,50R023,RCF,51.0,Conifer House Residential Care & Memory Care,4.0,4.0
50R038,50R038,RCF,19.0,Fountain Plaza,,1.0
50R040,50R040,RCF,155.0,Friendsview Retirement Community,6.0,6.0
50R046,50R046,RCF,54.0,Fox Hollow Residential Care Community,11.0,9.0
50R062,50R062,RCF,7.0,Hubbard Residential Care Facility,,
50R068,50R068,RCF,63.0,Avamere Court at Keizer RCF,3.0,6.0
50R078,50R078,RCF,35.0,Brookdale McMinnville Town Center,5.0,2.0
50R085,50R085,RCF,29.0,Mt. Angel Towers,9.0,4.0
50R091,50R091,RCF,115.0,Odd Fellows Home Of Oregon,2.0,2.0
50R108,50R108,RCF,39.0,Sweetbriar Villa,15.0,11.0
50R115,50R115,RCF,48.0,Turner Retirement Homes,,
50R121,50R121,RCF,150.0,West Hills Village Senior Residence,7.0,4.0
50R125,50R125,RCF,60.0,Willson House Residential Care Facility,9.0,10.0
50R126,50R126,RCF,40.0,Regency Woodland,7.0,4.0
50R128,50R128,RCF,70.0,Cascades of Bend Retirement Community,2.0,3.0
50A034,50A034,RCF,122.0,Farmington Square - Salem,13.0,22.0
50A070,50A070,RCF,49.0,Regency Park Alzheimer's Care,12.0,10.0
50A074,50A074,RCF,42.0,Holly Residential Care Center,3.0,6.0
50A083,50A083,RCF,81.0,Farmington Square - Medford,5.0,17.0
50A143,50A143,RCF,64.0,Farmington Square - Tualatin,15.0,10.0
50A149,50A149,RCF,66.0,Farmington Square - Eugene,11.0,2.0
50A165,50A165,RCF,32.0,"Regent at Sheldon Park, a Blue Harbor Senior Living Community",7.0,10.0
50A214,50A214,RCF,48.0,Monterey Court Memory Care,7.0,9.0
50A219,50A219,RCF,20.0,Expressions at Summerplace,2.0,1.0
50A226,50A226,RCF,30.0,Settler's Park Memory Care Community,14.0,18.0
50A232,50A232,RCF,60.0,Brookdale Beaverton,9.0,12.0
50R139,50R139,RCF,40.0,Clackamas View Senior Living - Milwaukie,5.0,3.0
50R145,50R145,RCF,17.0,Horton Plaza,1.0,
50R171,50R171,RCF,16.0,Oaktree Residential Living,4.0,5.0
50R200,50R200,RCF,22.0,Willamette Lutheran Retirement Community,3.0,
50R202,50R202,RCF,20.0,Riverview Terrace,6.0,2.0
50R216,50R216,RCF,102.0,Capital Manor Retirement Community,2.0,3.0
50R229,50R229,RCF,96.0,Willamette View Terrace,3.0,
50R230,50R230,RCF,44.0,Holladay Park Plaza,,
50R234,50R234,RCF,38.0,"Springs at Anna Maria, The",3.0,2.0
50R251,50R251,RCF,16.0,Ivy Court Senior Living,5.0,5.0
50R256,50R256,RCF,15.0,Elite Care Oatfield Estates-Hood House,1.0,3.0
50R270,50R270,RCF,70.0,Rose Linn Vintage Place,17.0,10.0
50R271,50R271,RCF,21.0,Willamette View Memory Care Community,1.0,
50R273,50R273,RCF,27.0,Suttle Care & Retirement,,
50R274,50R274,RCF,11.0,Ashley Manor - Arrowhead,2.0,
50R275,50R275,RCF,28.0,Avamere at St. Helens,16.0,43.0
50R276,50R276,RCF,27.0,Edgewood Arbor Memory Care,11.0,7.0
50R277,50R277,RCF,20.0,Courtyard at Hillside Memory Care,1.0,4.0
50R278,50R278,RCF,25.0,Manor Special Care Center,2.0,6.0
50R279,50R279,RCF,64.0,Brookdale Eugene Alpine Court Memory Care,40.0,54.0
50R280,50R280,RCF,48.0,Elderberry Square Community,39.0,50.0
50R281,50R281,RCF,15.0,Ashley Manor - Conners,6.0,13.0
50R282,50R282,RCF,15.0,Elite Care Oatfield Estates-Adam's House,4.0,1.0
50R283,50R283,RCF,35.0,Countryside Living of Canby,9.0,3.0
50R285,50R285,RCF,18.0,West Wind Court,10.0,5.0
50R287,50R287,RCF,21.0,Raleigh Hills Enhanced Care Community,6.0,6.0
50R288,50R288,RCF,15.0,Ashley Manor - Athens,7.0,15.0
50R289,50R289,RCF,15.0,Elite Care Oatfield Estates-Helen's House,5.0,2.0
50R290,50R290,RCF,48.0,Rosewood Specialty Care,6.0,13.0
50R292,50R292,RCF,43.0,Quail Park of Klamath Falls,6.0,12.0
50R293,50R293,RCF,186.0,Miramont Pointe,12.0,5.0
50R294,50R294,RCF,142.0,Hearthstone at Murrayhill,1.0,
50R295,50R295,RCF,15.0,Ashley Manor - Anique,3.0,3.0
50R296,50R296,RCF,40.0,Avamere at Seaside Residential Care Facility,17.0,14.0
50R297,50R297,RCF,18.0,Prestige Senior Living Orchard Heights Memory Care,11.0,8.0
50R298,50R298,RCF,16.0,Sweet Bye N Bye,8.0,8.0
50R300,50R300,RCF,15.0,Hawthorne House of Salem,2.0,
50R301,50R301,RCF,55.0,Emerson House,10.0,9.0
50R302,50R302,RCF,48.0,Timberwood Court Specialty Care Community,8.0,6.0
50R303,50R303,RCF,16.0,SpringRidge Court Memory Care,1.0,2.0
50R304,50R304,RCF,90.0,Gateway Gardens,8.0,4.0
50R305,50R305,RCF,52.0,Evergreen Court of Molalla,23.0,16.0
50R306,50R306,RCF,15.0,Ashley Manor - Homedale,17.0,20.0
50R307,50R307,RCF,13.0,"Touch of Grace, A",8.0,2.0
50R308,50R308,RCF,15.0,Elite Care Oatfield Estates-Rainier House,4.0,2.0
50R309,50R309,RCF,16.0,Silvia & John's Residential Care,3.0,1.0
50R310,50R310,RCF,50.0,Rosewood Court Residential Care,4.0,9.0
50R311,50R311,RCF,43.0,"Gardens, The",10.0,25.0
50R313,50R313,RCF,18.0,Prairie House Memory Care Community,1.0,6.0
50R314,50R314,RCF,15.0,Magnolia Village Memory Care Community,2.0,1.0
50R315,50R315,RCF,16.0,All Comfort Residential Care,,
50R316,50R316,RCF,64.0,Hope N Care,4.0,1.0
50R318,50R318,RCF,15.0,Elite Care Oatfield Estates-Jefferson House,7.0,2.0
50R319,50R319,RCF,15.0,"Golden Age Living, LLC",5.0,2.0
50R320,50R320,RCF,26.0,Avamere at Bethany,7.0,2.0
50R321,50R321,RCF,42.0,Providence ElderPlace in Cully,3.0,
50R322,50R322,RCF,23.0,Mountain View Residential Care Facility,3.0,1.0
50R323,50R323,RCF,18.0,Prestige Senior Living Arbor Place Memory Care,13.0,16.0
50R326,50R326,RCF,16.0,West Wind Enhanced Care,3.0,5.0
50R327,50R327,RCF,33.0,"Atrium at Flagstone, The",9.0,13.0
50R328,50R328,RCF,15.0,Arbor House of Grants Pass,5.0,3.0
50R330,50R330,RCF,15.0,Elite Care Oatfield Estates-Ashland House,4.0,1.0
50R331,50R331,RCF,20.0,Dallas Retirement Village Memory Care Center,1.0,2.0
50R332,50R332,RCF,15.0,Heritage House of Woodburn,,1.0
50R333,50R333,RCF,56.0,Laurel Pines Retirement Lodge,10.0,6.0
50R334,50R334,RCF,16.0,East Cascade Memory Care Community,5.0,8.0
50R336,50R336,RCF,31.0,Oswego Grove,21.0,11.0
50R339,50R339,RCF,15.0,Angeline Senior Living,1.0,3.0
50R340,50R340,RCF,30.0,Fanno Creek by Elite Care,6.0,6.0
50R343,50R343,RCF,15.0,Autumn House of Grants Pass,3.0,3.0
50R344,50R344,RCF,32.0,Brookdale Redmond Clare Bridge,10.0,5.0
50R345,50R345,RCF,36.0,Middlefield Oaks Memory Care Community,16.0,27.0
50R346,50R346,RCF,16.0,Cornerstone Residential Option,,1.0
50R347,50R347,RCF,14.0,Bayberry Commons Memory Care,2.0,6.0
50R348,50R348,RCF,22.0,Rock of Ages Mennonite Home,1.0,
50R349,50R349,RCF,95.0,Touchmark at Mt. Bachelor Village,4.0,4.0
50R350,50R350,RCF,21.0,Hawthorne Gardens Memory Care Community,2.0,1.0
50R351,50R351,RCF,45.0,Chantele's Loving Touch Memory Care,6.0,4.0
50R352,50R352,RCF,12.0,Pheasant Pointe Memory Care Community,4.0,1.0
50R353,50R353,RCF,24.0,Cedar Village Memory Care Community,16.0,13.0
50R355,50R355,RCF,16.0,Riverside Living,3.0,3.0
50R356,50R356,RCF,15.0,Harmony House of Salem,2.0,1.0
50R357,50R357,RCF,28.0,McLoughlin Memory Care,9.0,6.0
50R358,50R358,RCF,52.0,Fircrest Memory Care,2.0,5.0
50R359,50R359,RCF,25.0,Spruce Point Memory Care,12.0,19.0
50R360,50R360,RCF,20.0,Russellville Park West Memory Care,2.0,2.0
50R361,50R361,RCF,12.0,Footsteps at Tanasbourne,,2.0
50R363,50R363,RCF,30.0,Manor Terrace Care Suites,4.0,1.0
50R364,50R364,RCF,8.0,Summit Springs Village MCU,2.0,1.0
50R365,,RCF,108.0,Churchill Estates Residential Care,3.0,5.0
50R366,50R366,RCF,44.0,Tanner Spring Memory Care,1.0,2.0
50R367,50R367,RCF,48.0,Arbor Oaks Terrace Memory Care,37.0,40.0
50R368,50R368,RCF,35.0,Brightcreek at Sea View,6.0,7.0
50R369,50R369,RCF,40.0,Hillside Care Manor,3.0,
50R370,50R370,RCF,16.0,Roxy Ann Memory Community,,3.0
50R371,50R371,RCF,15.0,Applegate House of Grants Pass,4.0,1.0
50R372,50R372,RCF,16.0,Kinsington Place,4.0,1.0
50R373,50R373,RCF,20.0,Silver Creek Memory Care Community,1.0,1.0
50R374,50R374,RCF,40.0,Revere Court of Portland,1.0,2.0
50R375,50R375,RCF,45.0,RN Villa Care Center,2.0,1.0
50R376,50R376,RCF,22.0,Hawthorne House,1.0,
50R377,50R377,RCF,32.0,Footsteps at Clackamas Woods,1.0,1.0
50R378,50R378,RCF,60.0,Adara Oaks Manor,14.0,9.0
50R379,50R379,RCF,84.0,Fern Gardens Memory Care,30.0,67.0
50R380,50R380,RCF,20.0,Countryside Living South,,1.0
50R381,50R381,RCF,16.0,Maryville Memory Care,3.0,2.0
50R382,50R382,RCF,48.0,Washington Gardens Memory Care,3.0,10.0
50R383,50R383,RCF,28.0,Royalton Place Memory Care,9.0,
50R384,50R384,RCF,20.0,Senior Haven Residential Care Facility,,
50R385,50R385,RCF,24.0,Bonaventure of Salem Memory Care,14.0,
50R386,50R386,RCF,7.0,Thanksgiving House,,
50R387,50R387,RCF,13.0,"Griffin House, The",,
50R388,50R388,RCF,10.0,Gateway 2 Healthier Living,,
50R389,50R389,RCF,33.0,Cherry Park Plaza,1.0,
50R390,50R390,RCF,56.0,Mt. Bachelor Memory Care,7.0,
50R391,50R391,RCF,10.0,Wallowa Valley Senior Living Memory Care,1.0,
50R393,50R393,RCF,27.0,Jennings McCall RCF,1.0,
50R394,50R394,RCF,10.0,Valley View Memory Care,,
50R395,50R395,RCF,28.0,Four Seasons RCF Evergreen,2.0,
50R396,50R396,RCF,39.0,Whitewood Gardens,,
50R397,50R397,RCF,31.0,Footsteps at Sherwood,,
50R398,50R398,RCF,16.0,Footsteps at Carman Oaks,,
50R399,50R399,RCF,25.0,Footsteps at Mill Creek,,
50R400,50R400,RCF,15.0,Vista View Mood & Memory Care,8.0,
50R401,50R401,RCF,26.0,Marie Rose Residential Care,1.0,
50R402,50R402,RCF,18.0,Grace Manor,4.0,
50R403,50R403,RCF,44.0,Brookdale Geary Street Memory Care,3.0,
50R404,50R404,RCF,32.0,Coral Springs Residential Care,1.0,
50R405,50R405,RCF,15.0,Elite Care Oatfield Estates Larch House,,
50R406,50R406,RCF,15.0,Elite Care Oatfield Estates Tabor House,,
50R407,50R407,RCF,15.0,Bartlett House of Medford Memory Care Community,1.0,
50R408,50R408,RCF,15.0,Bee Hive Homes of Baker City,15.0,
50R409,50R409,RCF,48.0,Heartwood Place,4.0,
50R410,50R410,RCF,21.0,McKenzie Living,,
50R411,50R411,RCF,64.0,Waterford Grand Memory Care,,
50R412,50R412,RCF,16.0,Sunset Estates,4.0,
50R413,50R413,RCF,38.0,Parkview Memory Care at Cherrywood Village,1.0,
50R414,50R414,RCF,48.0,"Arbor at Avamere Court, The",5.0,
50R416,50R416,RCF,56.0,"Cherrywood Memory Care, The",1.0,
50R417,50R417,RCF,34.0,Advocate Care,4.0,
50R418,50R418,RCF,64.0,Windsong at Eola Hills,,
50R421,50R421,RCF,32.0,Clatsop Care Memory Community,,
50R430,50R430,RCF,23.0,Bonaventure of Albany Memory Care,,
50R432,50R432,RCF,23.0,Bonaventure of Tigard Memory Care,,
50R433,50R433,RCF,68.0,Waterhouse Ridge Memory Care Community,,
5MA003,5MA003,RCF,40.0,Ashley Manor - Sage,31.0,26.0
5MA016,5MA016,RCF,15.0,Clarendon Court Alzheimer's Residence,1.0,1.0
5MA024,5MA024,RCF,62.0,Curry Manor,15.0,12.0
5MA031,5MA031,RCF,76.0,Farmington Square - Gresham,9.0,15.0
5MA042,5MA042,RCF,130.0,Gateway Living,16.0,10.0
5MA043,5MA043,RCF,102.0,Providence ElderPlace in Glendoveer,3.0,
5MA051,5MA051,RCF,40.0,Harvest Homes RCF,6.0,1.0
5MA080,5MA080,RCF,28.0,Lydia's House,3.0,6.0
5MA106,5MA106,RCF,65.0,Southtowne Living Center,38.0,29.0
5MA107,5MA107,RCF,85.0,St. Andrews Memory Care,19.0,25.0
5MA130,5MA130,RCF,15.0,Brookdale McMinnville City Center Memory Care,8.0,4.0
5MA131,5MA131,RCF,48.0,Pelican Pointe Memory Care Community,11.0,22.0
5MA137,5MA137,RCF,30.0,Pacific View Memory Care Community,6.0,3.0
5MA146,5MA146,RCF,110.0,Brookdale Forest Grove,13.0,14.0
5MA151,5MA151,RCF,57.0,Brookstone Alzheimer's Special Care Center,6.0,8.0
5MA160,5MA160,RCF,114.0,Pacifica Senior Living Portland,13.0,11.0
5MA161,5MA161,RCF,32.0,Skylark Memory Care,28.0,24.0
5MA162,5MA162,RCF,50.0,"Atrium at McLoughlin Place, The",12.0,16.0
5MA166,5MA166,RCF,14.0,Ashley Manor - Alameda,23.0,9.0
5MA170,5MA170,RCF,37.0,Brookdale McMinnville Westside,52.0,75.0
5MA205,5MA205,RCF,60.0,Brookdale Salem,29.0,26.0
5MA206,5MA206,RCF,10.0,Ashley Manor - Well Springs,5.0,2.0
5MA207,5MA207,RCF,56.0,Cedar Crest Alzheimer Special Care,7.0,12.0
5MA213,5MA213,RCF,42.0,Powell Valley Memory Care Community,8.0,7.0
5MA215,5MA215,RCF,55.0,Baycrest Memory Care,40.0,50.0
5MA217,5MA217,RCF,51.0,Footsteps at The Wilsonville,9.0,9.0
5MA221,5MA221,RCF,42.0,Aspen Ridge Memory Care,29.0,25.0
5MA222,5MA222,RCF,55.0,Ocean Park,26.0,13.0
5MA223,5MA223,RCF,60.0,Pacific Gardens Alzheimer's Special Care Center,27.0,9.0
5MA233,5MA233,RCF,30.0,Ashley Manor - Roseburg,53.0,36.0
5MA238,5MA238,RCF,15.0,Ashley Manor - Meadow Lakes,18.0,6.0
5MA240,5MA240,RCF,48.0,Callahan Court Memory Care Comm.,31.0,34.0
5MA241,5MA241,RCF,15.0,Ashley Manor - Oak,17.0,3.0
5MA242,5MA242,RCF,56.0,"Gardens Enhanced Care Community, The",4.0,4.0
5MA243,5MA243,RCF,79.0,Quail Park Memory Care Residences,21.0,17.0
5MA245,5MA245,RCF,24.0,Avamere at Sherwood,6.0,10.0
5MA246,5MA246,RCF,14.0,Ashley Manor - Brookhurst,5.0,4.0
5MA249,5MA249,RCF,24.0,Avamere at Sandy,14.0,5.0
5MA252,5MA252,RCF,24.0,Courtyard at Mt.Tabor Garden House,9.0,3.0
5MA254,5MA254,RCF,60.0,Brookdale Roseburg,40.0,30.0
5MA255,5MA255,RCF,15.0,Ashley Manor - Heidi Lane,8.0,7.0
5MA259,5MA259,RCF,22.0,Avamere at Newberg,10.0,8.0
5MA261,5MA261,RCF,24.0,Avamere at Hillsboro,11.0,13.0
5MA266,5MA266,RCF,30.0,Wildflower Lodge,21.0,26.0
5MA269,5MA269,RCF,64.0,Brookdale Grants Pass Pointe,21.0,27.0
5ME119,5ME119,RCF,95.0,ElderHealth & Living,14.0,5.0
5ME175,5ME175,RCF,16.0,Premier Living Center,2.0,1.0
5ME248,5ME248,RCF,16.0,Harmony Living,2.0,2.0
70A011,70A011,ALF,105.0,Canfield Place Retirement Community,7.0,6.0
70A012,70A012,ALF,21.0,"Springs at Carman Oaks, The",2.0,
70A057,70A057,ALF,63.0,Markham House Retirement Community,,
70A062,70A062,ALF,45.0,Brookdale Ashland,9.0,8.0
70A069,70A069,ALF,55.0,Regency Park Place at Corvallis,5.0,2.0
70A083,70A083,ALF,108.0,"Sheldon Park Assisted Living, a Blue Harbor Senior Living Community",22.0,6.0
70A097,70A097,ALF,70.0,Timberhill Place,,
70A102,70A102,ALF,38.0,Well Springs Assisted Living Facility,8.0,4.0
70A200,70A200,ALF,85.0,"Springs at Wilsonville, The",5.0,4.0
70A209,70A209,ALF,64.0,"Terrace at Laurelhurst Village, The",3.0,3.0
70A214,70A214,ALF,147.0,Jennings - McCall Center,2.0,8.0
70A235,70A235,ALF,60.0,Bonaventure of Albany Assisted Living,,
70A246,70A246,ALF,64.0,Terwilliger Terrace Assisted Living Facility,,3.0
70A249,70A249,ALF,20.0,Providence Brookside Manor,,
70A259,70A259,ALF,50.0,Willamette View Neighborhoods,7.0,2.0
70A260,70A260,ALF,72.0,Prestige Senior Living Southern Hills,16.0,10.0
70A261,70A261,ALF,59.0,Edgewood Point Assisted Living,8.0,6.0
70A262,70A262,ALF,68.0,Terrace at Hillside Assisted Living,5.0,9.0
70A263,70A263,ALF,53.0,Shore Pines Assisted Living,10.0,4.0
70A264,70A264,ALF,110.0,Royal Anne Assisted Living Facility,4.0,4.0
70A265,70A265,ALF,50.0,Sea Aire Assisted Living,1.0,6.0
70A266,70A266,ALF,77.0,"Bridge Assisted Living, The",6.0,4.0
70A267,70A267,ALF,96.0,Vineyard Heights Assisted Living & Retirement Cottages,24.0,22.0
70A268,70A268,ALF,90.0,Raleigh Hills Assisted Living Community,13.0,10.0
70A269,70A269,ALF,85.0,Hawks Ridge Senior Assisted Living Community,38.0,19.0
70A270,70A270,ALF,100.0,Somerset Assisted Living,13.0,20.0
70A271,70A271,ALF,130.0,Providence ElderPlace in Irvington Village,21.0,12.0
70A273,70A273,ALF,80.0,Hearthstone at Murrayhill Assisted Living,2.0,1.0
70A274,70A274,ALF,95.0,Stoneybrook Assisted Living,2.0,12.0
70A275,70A275,ALF,64.0,Avamere at Seaside,9.0,5.0
70A276,70A276,ALF,57.0,"Springs at Sherwood, The",6.0,8.0
70A277,70A277,ALF,67.0,Prestige Senior Living Orchard Heights,24.0,12.0
70A278,70A278,ALF,84.0,Assumption Village,32.0,20.0
70A279,70A279,ALF,82.0,Prestige Senior Living Five Rivers,15.0,13.0
70A280,70A280,ALF,55.0,Corvallis Caring Place Assisted Living,5.0,5.0
70A281,70A281,ALF,72.0,Prestige Senior Living West Hills,6.0,11.0
70A283,70A283,ALF,18.0,Willow Creek Terrace,,1.0
70A284,70A284,ALF,85.0,SpringRidge Court Assisted Living,5.0,5.0
70A285,70A285,ALF,50.0,Country Meadows Village,5.0,9.0
70A286,70A286,ALF,72.0,Marquis Wilsonville Assisted Living,3.0,4.0
70A287,70A287,ALF,40.0,"Amber Assisted Living, The",20.0,18.0
70A288,70A288,ALF,80.0,Marquis Piedmont Assisted Living,8.0,4.0
70A289,70A289,ALF,75.0,Prestige Senior Living High Desert,15.0,13.0
70A290,70A290,ALF,78.0,Brookdale Chestnut Lane - Gresham,18.0,16.0
70A291,70A291,ALF,90.0,Avamere at Bethany Assisted Living Facility,7.0,7.0
70A292,70A292,ALF,64.0,Prestige Senior Living Arbor Place,21.0,19.0
70A293,70A293,ALF,31.0,Pioneer Place Assisted Living,1.0,4.0
70A294,70A294,ALF,76.0,Fox Hollow Independent & Assisted Living Community,18.0,12.0
70A295,70A295,ALF,100.0,Brookdale Sellwood,11.0,10.0
70A296,70A296,ALF,35.0,Canyon Rim Manor,18.0,11.0
70A297,70A297,ALF,95.0,Brookdale Lebanon,19.0,11.0
70A298,70A298,ALF,60.0,Pioneer Village,2.0,
70A299,70A299,ALF,150.0,Brookdale Springfield Briarwood,43.0,47.0
70A300,70A300,ALF,44.0,"Springs at Veranda Park, The",,
70A301,70A301,ALF,69.0,Bonaventure of Tigard Assisted Living,,
70A302,70A302,ALF,100.0,Ocean Ridge Retirement and Assisted Living Community,35.0,11.0
70A303,70A303,ALF,82.0,Brookdale Oswego Springs - Portland,11.0,7.0
70A304,70A304,ALF,79.0,Oswego Place Assisted Living Community,17.0,7.0
70A305,70A305,ALF,77.0,Brookdale Redmond Assisted Living,6.0,3.0
70A306,70A306,ALF,85.0,Middlefield Oaks Assisted Living Community,26.0,18.0
70A307,70A307,ALF,62.0,Bayberry Commons Assisted Living,4.0,7.0
70A308,70A308,ALF,110.0,Brookdale Newberg,20.0,24.0
70A309,70A309,ALF,65.0,Hawthorne Gardens Senior Living Community,12.0,
70A310,70A310,ALF,16.0,"Stafford Assisted Living Facility, The",1.0,
70A311,70A311,ALF,29.0,Fircrest Community Living,5.0,2.0
70A312,70A312,ALF,153.0,Laurel Parc at Bethany,4.0,2.0
70A314,70A314,ALF,120.0,Russellville Park West,9.0,7.0
70A315,70A315,ALF,49.0,Courtyard Fountains Assisted Living Community,2.0,1.0
70A316,70A316,ALF,99.0,Sea View Senior Living Community,10.0,5.0
70A317,70A317,ALF,24.0,Mirabella at South Waterfront,,
70A318,70A318,ALF,22.0,Countryside Village,,
70A319,70A319,ALF,64.0,Royalton Place Assisted Living,4.0,
70A320,70A320,ALF,65.0,Bonaventure of Salem Assisted Living,12.0,
70A321,70A321,ALF,25.0,Dallas Retirement Village Assisted Living HUD,4.0,
70A322,70A322,ALF,19.0,Wallowa Valley Senior Living,11.0,
70A323,70A323,ALF,101.0,Waterford Grand Assisted Living,3.0,
70A324,70A324,ALF,87.0,Marquis Tualatin Assisted Living,1.0,
70M001,70M001,ALF,40.0,Adams House Assisted Living,5.0,7.0
70M002,70M002,ALF,64.0,Alderwood Assisted Living,12.0,5.0
70M003,70M003,ALF,36.0,Alpine House Assisted Living,1.0,4.0
70M004,70M004,ALF,12.0,Chinook Place,9.0,5.0
70M005,70M005,ALF,48.0,Aspens (The),38.0,23.0
70M006,70M006,ALF,96.0,Summerplace Assisted Living Community,4.0,4.0
70M007,70M007,ALF,34.0,Astor Place,4.0,2.0
70M008,70M008,ALF,49.0,Awbrey Place,17.0,4.0
70M009,70M009,ALF,50.0,Bridgewood Rivers Assisted Living,3.0,1.0
70M010,70M010,ALF,45.0,Brookside Place,10.0,
70M013,70M013,ALF,34.0,Carriage Place,9.0,2.0
70M014,70M014,ALF,48.0,Churchill Estates Assisted Living,11.0,5.0
70M015,70M015,ALF,75.0,Cornell Estates Retirement and Assisted Living Residence,7.0,4.0
70M016,70M016,ALF,80.0,Brookdale Geary Street,17.0,8.0
70M017,70M017,ALF,50.0,Brookdale McMinnville City Center,26.0,6.0
70M018,70M018,ALF,53.0,Dallas Retirement Village Assisted Living,2.0,6.0
70M019,70M019,ALF,36.0,Davenport Place,8.0,3.0
70M020,70M020,ALF,48.0,Deerfield Village Assisted Living,8.0,8.0
70M021,70M021,ALF,50.0,Dorian Place Assisted Living Facility,18.0,11.0
70M022,70M022,ALF,36.0,Applegate Place,17.0,6.0
70M023,70M023,ALF,77.0,Parkview Assisted Living,5.0,2.0
70M024,70M024,ALF,70.0,Brookdale at Klamath Falls,8.0,9.0
70M025,70M025,ALF,60.0,Elliott Residence,5.0,10.0
70M026,70M026,ALF,48.0,Emerald Valley Assisted Living,3.0,3.0
70M027,70M027,ALF,44.0,Oregon Retirement Center,1.0,1.0
70M028,70M028,ALF,60.0,Flagstone Retirement & Assisted Living,13.0,4.0
70M029,70M029,ALF,48.0,Forest Grove Beehive,2.0,
70M030,70M030,ALF,65.0,Gibson Creek Retirement & Assisted Living Residence,26.0,17.0
70M031,70M031,ALF,101.0,Gilman Park Assisted Living,13.0,8.0
70M032,70M032,ALF,36.0,Grace Place,4.0,1.0
70M033,70M033,ALF,76.0,Grande Ronde Retirement Residence,8.0,3.0
70M034,70M034,ALF,79.0,Greenridge Estates At Mountain Park,6.0,3.0
70M035,70M035,ALF,78.0,"Grove Assisted Living, The",3.0,3.0
70M036,70M036,ALF,49.0,Harvest Homes,3.0,3.0
70M037,70M037,ALF,75.0,Hearthstone Of Beaverton,4.0,4.0
70M038,70M038,ALF,55.0,Regency Village at Redmond,25.0,8.0
70M039,70M039,ALF,85.0,Pacific View Assisted Living Community,12.0,4.0
70M040,70M040,ALF,63.0,Brookdale Hermiston,13.0,5.0
70M041,70M041,ALF,37.0,Hillside Place,16.0,13.0
70M042,70M042,ALF,52.0,Homewood Heights Assisted Living,8.0,5.0
70M043,70M043,ALF,30.0,Willow Place,1.0,
70M044,70M044,ALF,60.0,Inland Point Retirement Community,8.0,5.0
70M045,70M045,ALF,40.0,Suncrest Place,5.0,7.0
70M048,70M048,ALF,36.0,Junction City Retirement & Assisted Living Residence,10.0,3.0
70M049,70M049,ALF,31.0,Juniper House,3.0,1.0
70M050,70M050,ALF,36.0,Kilchis House,3.0,2.0
70M051,70M051,ALF,50.0,Lancaster Assisted Living,2.0,2.0
70M052,70M052,ALF,36.0,Lancaster Village,,2.0
70M053,70M053,ALF,67.0,Lakeview Senior Living,9.0,22.0
70M054,70M054,ALF,43.0,Rogue River Place,17.0,13.0
70M055,70M055,ALF,42.0,Macklyn Place,16.0,7.0
70M056,70M056,ALF,56.0,Magnolia Gardens Assisted Retirement Living,1.0,
70M058,70M058,ALF,60.0,McKillop Residence,4.0,6.0
70M059,70M059,ALF,74.0,McLoughlin Place Senior Living,9.0,7.0
70M060,70M060,ALF,52.0,Meadow Creek Village Assisted Living,10.0,5.0
70M061,70M061,ALF,60.0,Meadowbrook Place,26.0,16.0
70M063,70M063,ALF,25.0,"Gardens at Laurelhurst Village, The",,1.0
70M064,70M064,ALF,48.0,Neawanna By The Sea,5.0,2.0
70M065,70M065,ALF,44.0,Nehalem Bay House,2.0,2.0
70M066,70M066,ALF,61.0,Northridge Center,10.0,10.0
70M067,70M067,ALF,57.0,Bayside Terrace Assisted Living,25.0,18.0
70M068,70M068,ALF,84.0,Oceanview Assisted Living Residence,3.0,7.0
70M070,70M070,ALF,130.0,Brookdale Park Place - Tigard,56.0,32.0
70M071,70M071,ALF,35.0,Parkhurst Place,4.0,4.0
70M072,70M072,ALF,60.0,Parkland Village Retirement Community,6.0,12.0
70M073,70M073,ALF,115.0,Powell Valley Assisted Living Community,10.0,4.0
70M074,70M074,ALF,137.0,Quail Run Assisted Living,7.0,5.0
70M075,70M075,ALF,29.0,Rackleff Place,4.0,8.0
70M076,70M076,ALF,95.0,Redwood Heights Retirement & Assisted Living Community,17.0,14.0
70M077,70M077,ALF,118.0,Regency Park Assisted Living,16.0,12.0
70M078,70M078,ALF,56.0,Brookdale River Road,15.0,7.0
70M079,70M079,ALF,40.0,Guardian Angel Homes,5.0,2.0
70M080,70M080,ALF,180.0,Rose Schnitzer Manor,4.0,1.0
70M081,70M081,ALF,95.0,Rosewood Park Retirement & Assisted Living Residence,11.0,12.0
70M082,70M082,ALF,56.0,River Run Place,21.0,7.0
70M084,70M084,ALF,41.0,Silver Creek Assisted Living Facility,13.0,8.0
70M085,70M085,ALF,87.0,Skylark Assisted Living,23.0,6.0
70M087,70M087,ALF,44.0,Spring Meadows Assisted Living Facility,5.0,6.0
70M088,70M088,ALF,63.0,Spring Valley Assisted Living,9.0,5.0
70M089,70M089,ALF,72.0,Spruce Point Assisted Living,14.0,7.0
70M091,70M091,ALF,38.0,Summit Springs Village,1.0,2.0
70M092,70M092,ALF,90.0,Suzanne Elise Assisted Living Facility,11.0,8.0
70M093,70M093,ALF,72.0,Tanner Spring Assisted Living,16.0,4.0
70M094,70M094,ALF,87.0,"Fountains At Town Center Village, The",2.0,2.0
70M095,70M095,ALF,70.0,"Oaks At Lebanon, The",4.0,2.0
70M096,70M096,ALF,88.0,Regency Village at Bend,24.0,18.0
70M098,70M098,ALF,42.0,Valley View Assisted Living,24.0,14.0
70M099,70M099,ALF,92.0,Marquis Hope Village ALF,2.0,3.0
70M100,70M100,ALF,70.0,Marquis Forest Grove Assisted Living,10.0,7.0
70M101,70M101,ALF,95.0,"Suites Assisted Living Community, The",7.0,5.0
70M103,70M103,ALF,60.0,Wiley Creek Community,3.0,
70M104,70M104,ALF,46.0,Willamette Manor,1.0,1.0
70M201,70M201,ALF,74.0,Brookdale Monmouth,25.0,9.0
70M202,70M202,ALF,80.0,Brookdale Eugene Alpine Springs,34.0,19.0
70M203,70M203,ALF,80.0,Clatsop Retirement Village,12.0,9.0
70M204,70M204,ALF,56.0,Springs at Clackamas Woods ALF,8.0,10.0
70M205,70M205,ALF,54.0,Providence Benedictine Orchard House,4.0,5.0
70M206,70M206,ALF,61.0,Pheasant Pointe Assisted Living Community,17.0,10.0
70M207,70M207,ALF,57.0,Regency Village at Prineville,7.0,6.0
70M208,70M208,ALF,70.0,Avamere Living at Newberg,15.0,18.0
70M210,70M210,ALF,72.0,Orchards Assisted Living,14.0,9.0
70M211,70M211,ALF,74.0,Prestige Senior Living Riverwood,13.0,8.0
70M212,70M212,ALF,48.0,East Cascade Retirement Community,11.0,3.0
70M213,70M213,ALF,68.0,Princeton Village Assisted Living Residence,11.0,10.0
70M216,70M216,ALF,54.0,Macdonald Residence,27.0,6.0
70M217,70M217,ALF,95.0,Aspen Ridge Retirement Community,18.0,6.0
70M218,70M218,ALF,85.0,Avamere at Waterford Assisted Living Facility,8.0,3.0
70M219,70M219,ALF,65.0,"Springs at Mill Creek, The",8.0,1.0
70M220,70M220,ALF,49.0,Redwood Terrace,6.0,4.0
70M221,70M221,ALF,46.0,Prairie House Assisted Living Community,8.0,2.0
70M222,70M222,ALF,62.0,Cedar Village Assisted Living Community,16.0,12.0
70M223,70M223,ALF,56.0,Settler's Park Assisted Living Community,25.0,24.0
70M225,70M225,ALF,76.0,Oak Park Assisted Living Community,31.0,23.0
70M226,70M226,ALF,62.0,Brookdale Springfield Woodside,24.0,7.0
70M227,70M227,ALF,65.0,Avamere at Sherwood Assisted Living Facility,9.0,6.0
70M228,70M228,ALF,55.0,Cascadia Village Retirement Comm.,5.0,5.0
70M229,70M229,ALF,86.0,Callahan Village,37.0,19.0
70M230,70M230,ALF,75.0,Pelican Pointe Assisted Living Community,36.0,11.0
70M231,70M231,ALF,65.0,Avamere at Sandy Assisted Living  Facility,1.0,7.0
70M233,70M233,ALF,53.0,Morrow Heights Retirement & Assisted Living Community,3.0,1.0
70M234,70M234,ALF,70.0,Brookdale Eagle Point,27.0,42.0
70M236,70M236,ALF,79.0,Brookdale Rose Valley Scappoose,33.0,33.0
70M237,70M237,ALF,36.0,Nyssa Gardens Assisted Living Facility,1.0,2.0
70M238,70M238,ALF,60.0,McKay Creek Estates,5.0,3.0
70M239,70M239,ALF,80.0,Courtyard at Mt. Tabor,7.0,10.0
70M240,70M240,ALF,75.0,Prestige Senior Living Huntington Terrace,10.0,3.0
70M241,70M241,ALF,53.0,High Lookee Lodge,2.0,5.0
70M242,70M242,ALF,85.0,Lone Oak Assisted Living Facility,20.0,10.0
70M243,70M243,ALF,75.0,Prestige Senior Living Beaverton Hills,10.0,12.0
70M245,70M245,ALF,75.0,Avamere at Hillsboro Assisted Living Facility,12.0,16.0
70M247,70M247,ALF,60.0,Cambridge Terrace Assisted Living,17.0,15.0
70M248,70M248,ALF,97.0,Sun Terrace Hermiston,12.0,6.0
70M250,70M250,ALF,68.0,Deer Meadow Assisted Living Community,32.0,29.0
70M251,70M251,ALF,75.0,Brookdale Stayton,14.0,16.0
70M252,70M252,ALF,38.0,Laurelhurst House,2.0,5.0
70M253,70M253,ALF,51.0,Ridgeview Assisted Living Center,19.0,10.0
70M254,70M254,ALF,90.0,Brookdale Grants Pass Village,13.0,5.0
70M255,70M255,ALF,55.0,Woodland Heights,7.0,4.0
70M256,70M256,ALF,55.0,Wildflower Lodge Assisted Living Community,17.0,13.0
70M257,70M257,ALF,79.0,Marie Rose Center Assisted Living,1.0,2.0
70M258,70M258,ALF,70.0,Avamere Living at St. Helens,8.0,8.0
70M313,70M313,ALF,84.0,"Springs at Tanasbourne II, LLC",4.0,4.0
70M350,70M350,ALF,119.0,"Village at Keizer Ridge, The",,
7MU215,7MU215,ALF,126.0,St. Anthony Village,20.0,20.0
